-- USE cinematch;
DELETE FROM USERS;

INSERT INTO `USERS` VALUES
(1,'liri','$2b$10$vaWe0oxb1bwhgVRK/oNrsuKmZgCuBXzb76I86Dg2MMdYjIWRiPayC','liri','das',NULL,'user',NULL,'2025-04-24'),
(2,'joe','$2b$10$7xXplZAn8Pjx0j2mZShsq.zI6EyMPGASlD155G8S7bkn8WD6swBg.','joe','byjo','2025-05-10 07:37:00','admin',NULL,'2025-04-24'),
(3,'hiten','$2b$10$2dXbB7oxHfH3U/8qgS3kFO2fQOuWJtq3pALB8X2Z8CBLU1lMgyr4O','hiten','gupta',NULL,'user',NULL,'2025-04-24'),
(4,'josheen','$2b$10$dhlcs0pHzf7ioqqhJZ.dkeQJ1hc5TXiBYHwHbca9uqGanQMk9h87i','josheen','kour',NULL,'user',NULL,'2025-04-24'),
(5,'test2','$2b$10$z4nylN4a1.FI5o5TjdCTIusLFI3Q1WYsv0JbZBi9sXLSorgEt85RC','josheen','kour','2025-05-10 06:40:52','user',NULL,'2025-04-26');


INSERT INTO `USERSETTINGS` VALUES
(1, 'dark'),
(2, 'dark'),
(3, 'dark'),
(4, 'dark'),
(5, 'dark');


INSERT INTO `MOVIES` VALUES
(238,'The Godfather','Francis Ford Coppola','Marlon Brando, Al Pacino, James Caan','tt0068646','en','Spanning the years 1945 to 1955, a chronicle of the fictional Italian-American Corleone crime family. When organized crime family patriarch, Vito Corleone barely survives an attempt on his life, his youngest son, Michael steps in to take care of the would-be killers, launching a campaign of bloody revenge.','1972-11-02',9.2,97,100,'/3bhkrj58Vtu7enYsRolD1fZdja1.jpg','/tmU7GeKVybMWFButWEGl2M4GeiP.jpg','https://www.youtube.com/watch?v=Ew9ngL1GZvs',175,'MA 15+'),
(9532,'Final Destination','James Wong','Devon Sawa, Ali Larter, Kerr Smith','tt0195714','en','After a teenager has a terrifying vision of him and his friends dying in a plane crash, he prevents the accident only to have Death hunt them down, one by one.','2000-04-13',6.7,44,39,'/1mXhlQMnlfvJ2frxTjZSQNnA9Vp.jpg','/6KDLAU9OnA0FhXP1av8jqavCGG9.jpg','https://www.youtube.com/watch?v=9hvUxRGeBhA',98,'MA15+'),
(10625,'Mean Girls','Mark Waters','Lindsay Lohan, Jonathan Bennett, Rachel McAdams','tt0377092','en','Cady Heron is a hit with The Plastics, the A-list girl clique at her new school, until she makes the mistake of falling for Aaron Samuels, the ex-boyfriend of alpha Plastic Regina George.','2004-06-24',7.1,84,66,'/alKvY5LuVcXraRBfi5UtVV8Ii6Y.jpg','/nP3y0TkR6XniFs9J53qQkg4Bnnk.jpg','https://www.youtube.com/watch?v=EMzEmGfTuM4',97,'M'),
(21059,'Girls Will Be Girls','Richard Day','Jack Plotnick, Clinton Leupp, Jeffery Roberson','tt0339071','en','Nothing stirs up the competitive spirit in haggard Hollywood has-been Evie Harris like having to share a house with a younger actress like Varla. Especially since Varla happens to be the daughter of Evies now-deceased rival! But even as their saner roommate, Coco, attempts to keep the peace, Evies jealousy over Varlas burgeoning infomercial career is about to explode... in the most spectacular, showstopping way possible!','2003-07-05',6.9,59,52,'/dkuOR3E28A3mXjfjuoMudJWEN4B.jpg','/sz1V6jr0eRQsGz9BuNpsoTAuiQQ.jpg','https://www.youtube.com/watch?v=Z6_1BGAg7m0',79,'NR'),
(45890,'Moana','Alfredo Peyretti','Violante Placido, Cosimo Fusco, Elena Bouryka','tt1465102','it','The life story of Italian iconic pornographic actress Moana Pozzi. The actress Ilona Staller sued the production of the film for the unauthorized use of the character "Cicciolina", of which she owned the rights.','2009-11-01',5.6,NULL,NULL,'/nEDFaNVqmLl2UeUYvvkKDSge5Ed.jpg','/bpePOhe9aLg8v7eiTN5sHD02JES.jpg',NULL,181,'NR'),
(50546,'Just Go with It','Dennis Dugan','Adam Sandler, Jennifer Aniston, Brooklyn Decker','tt1564367','en','While romancing Palmer, a much younger schoolteacher, plastic surgeon Danny Maccabee enlists his loyal assistant Katherine to pretend to be his soon to be ex-wife, in order to cover up a careless lie. When more lies backfire, Katherines kids become involved, and everyone heads off for a weekend in Hawaii that will change all their lives.','2011-03-31',6.4,19,33,'/ez1EDULOCUUCySHOZU6tz97qbtM.jpg','/aitUECW88Rve2mprcvwVchToE8A.jpg','https://www.youtube.com/watch?v=fpj7i2CPt8M',117,'M'),
(60307,'Diary of a Wimpy Kid: Rodrick Rules','David Bowers','Zachary Gordon, Devon Bostick, Robert Capron','tt1650043','en','Wimpy Greg Heffley, now in seventh grade, thinks he has it all together. He has mastered middle school and gotten rid of the Cheese Touch. However, Gregs older brother, Rodrick, is itching to cut him down to size. He gets the perfect opportunity when their mother tries to force the boys to bond. Rodrick may be Gregs chief tormentor, but he feels his constant pranks are just what his little brother needs to prepare him for lifes hard knocks.','2011-04-14',6.6,48,51,'/k54R3ag1sLu93Wbfo4quw9sSFyj.jpg','/9BwGL0nsjCdvhe6V9q42NG11Pyq.jpg','https://www.youtube.com/watch?v=Lg1XhawXPAE',99,'PG'),
(86004,'Talaash','Reema Kagti, Priyamvada Narayanan','Aamir Khan, Kareena Kapoor, Rani Mukerji','tt1787988','hi','A cop, investigating the mysterious death of a filmstar, meets a sex-worker, while he faces some personal problems psychologically. The mystery connects these people in a way, that ultimately changes their lives.','2012-11-30',7.2,86,65,'/oCxyN7HmJ7zWp8jtJeMRHABnutF.jpg','/aJIojufZhl5JG42rJ0H3LsMxId6.jpg','https://www.youtube.com/watch?v=M97P3zoUIos',149,'NR'),
(138122,'Student Of The Year','Karan Johar, Abhishek Varman','Alia Bhatt, Sidharth Malhotra, Varun Dhawan','tt2172071','hi','Several alumni reminisce about their final year at St. Theresas College and the events that shaped their lives.','2012-10-19',5.3,50,NULL,'/yAhfRGZx7nOAZkrm90pqaAjakdH.jpg','/91a2VC6YSEawfxPEIqsmJOfah89.jpg','https://www.youtube.com/watch?v=fivOhPjX9YM',146,'NR'),
(250546,'Annabelle','John R. Leonetti','Ward Horton, Annabelle Wallis, Alfre Woodard','tt3322940','en','A couple begins to experience terrifying supernatural occurrences involving a vintage doll shortly after their home is invaded by satanic cultists.','2014-10-08',5.5,28,37,'/yLsuU2P2SpDYFwtZQ7dtfVAf6TE.jpg','/eLPXcqgJPCEOf2cMwyTEXejRhrC.jpg','https://www.youtube.com/watch?v=xabuZwG3XyM',99,'MA 15+'),
(274870,'Passengers','Morten Tyldum','Jennifer Lawrence, Chris Pratt, Michael Sheen','tt1355644','en','A spacecraft traveling to a distant colony planet and transporting thousands of people has a malfunction in its sleep chambers. As a result, two passengers are awakened 90 years early.','2016-12-29',7,30,41,'/oZpdONg32luHu0g8HcysuPgSlIK.jpg','/gHz4ZQytRs8YGrqFMwB3Vrr8pig.jpg','https://www.youtube.com/watch?v=sipflRaq2vg',116,'M'),
(276928,'Humpty Sharma Ki Dulhania','Shashank Khaitan','Varun Dhawan, Alia Bhatt, Ashutosh Rana','tt3678938','hi','A girl from Ambala, Kavya Pratap Singh, is about to be married. When she visits Delhi to shop for her dhai lakh ka Ghagra(wedding dress worth Rs. 2.5 Lakh), she meets Humpty Sharma, a carefree Delhiite, and falls in love with him.','2014-07-11',6,NULL,NULL,'/kiqZEW6ZmFducXGeikKI5WcQZEI.jpg','/1kn8EqMAuYu6gpK2xU0GunjavVv.jpg',NULL,133,'NR'),
(324544,'In the Lost Lands','Paul W.S. Anderson','Milla Jovovich, Dave Bautista, Arly Jover','tt4419684','en','A queen sends the powerful and feared sorceress Gray Alys to the ghostly wilderness of the Lost Lands in search of a magical power, where she and her guide, the drifter Boyce, must outwit and outfight both man and demon.','2025-02-27',5.4,24,41,'/dDlfjR7gllmr8HTeN6rfrYhTdwX.jpg','/op3qmNhvwEvyT7UFyPbIfQmKriB.jpg','https://www.youtube.com/watch?v=CMyrp5Vk3mU',102,'M'),
(393852,'Mrs.','Adolfo Alix Jr.','Elizabeth Oropesa, Lotlot De Leon, Rosanna Roces','tt5651436','tl','70-year-old Virginia shares the old ancestral house with Delia, her ever-loyal maid. Delia is marrying her long-time boyfriend, Rene, and tearfully confides to Virginia that she wants to go home to her parents in the province to start a new family life with him. Haunted by a past that Virginia tries to conquer her only son Sonny Boy who disappeared years ago, what follows shows a portrait of a woman and a mother trying to juggle the sad realities of life in a cycle of life and death.','2016-04-22',NULL,NULL,NULL,'/pzGef8atZialx2FWy65XrMtcZ92.jpg',NULL,NULL,120,'NR'),
(447273,'Snow White','Marc Webb','Rachel Zegler, Emilia Faucher, Gal Gadot','tt6208148','en','Following the benevolent Kings disappearance, the Evil Queen dominated the once fair land with a cruel streak. Princess Snow White flees the castle when the Queen, in her jealousy over Snow Whites inner beauty, tries to kill her. Deep into the dark woods, she stumbles upon seven magical dwarves and a young bandit named Jonathan. Together, they strive to survive the Queens relentless pursuit and aspire to take back the kingdom.','2025-03-20',1.6,NULL,50,'/oLxWocqheC8XbXbxqJ3x422j9PW.jpg','/tyfO9jHgkhypUFizRVYD0bytPjP.jpg','https://www.youtube.com/watch?v=KsSoo5K8CpA',109,'PG'),
(512195,'Red Notice','Rawson Marshall Thurber','Dwayne Johnson, Ryan Reynolds, Gal Gadot','tt7991608','en','An Interpol-issued Red Notice is a global alert to hunt and capture the worlds most wanted. But when a daring heist brings together the FBIs top profiler and two rival criminals, theres no telling what will happen.','2021-11-04',6.3,37,37,'/lAXONuqg41NwUMuzMiFvicDET9Y.jpg','/dK12GIdhGP6NPGFssK2Fh265jyr.jpg','https://www.youtube.com/watch?v=Pj0wz7zu3Ms',118,'M'),
(513147,'Pie','Adria Tennor','Jessica Paré, Adria Tennor, John Nielsen','tt6594346','en','Carol invites Annette over for homemade pie and after much prodding divulges her special secret and scandalous ingredient.','2018-03-02',7.5,NULL,NULL,'/i3oklOmvu2JlxKx5uSwaqIjaQZP.jpg',NULL,NULL,10,'NR'),
(590404,'Chhapaak','Meghna Gulzar','Deepika Padukone, Vikrant Massey, Madhurjeet Sarghi','tt9614460','hi','A true story based on acid attack survivor Maltis grueling and glorious journey from her medical treatment, court proceedings leading to her emotional healing.','2020-01-10',5.4,89,NULL,'/cr5KqiolMMRUEJxrNLWESxyVVeU.jpg','/tin1INh9lDVJWUZl0Mx0GpWdftT.jpg',NULL,123,'NR'),
(634492,'Madame Web','S.J. Clarkson','Dakota Johnson, Sydney Sweeney, Isabela Merced','tt11057302','en','Forced to confront revelations about her past, paramedic Cassandra Webb forges a relationship with three young women destined for powerful futures...if they can all survive a deadly present.','2024-02-14',4,11,26,'/rULWuutDcN5NvtiZi4FRPzRYWSh.jpg','/pwGmXVKUgKN13psUjlhC9zBcq1o.jpg','https://www.youtube.com/watch?v=s_76M4c4LTo',117,'M'),
(676595,'The Platform','Robin Walters','Peter Feeney','tt0317990','en','At a windy, abandoned province station a man is waiting for a train. But something seems to be wrong; wasnt that a naked person running by? The man begins to examine the area; the tension rises up to the point, where another passenger arrives on the platform.','2001-01-01',6.8,NULL,NULL,'/8gUU0Zq414RNZrvNW842UhTDwtC.jpg',NULL,NULL,4,'NR'),
(822119,'Captain America: Brave New World','Julius Onah','Anthony Mackie, Harrison Ford, Danny Ramirez','tt14513804','en','After meeting with newly elected U.S. President Thaddeus Ross, Sam finds himself in the middle of an international incident. He must discover the reason behind a nefarious global plot before the true mastermind has the entire world seeing red.','2025-02-13',5.8,48,42,'/pzIddUEMWhWzfvLI3TwxUG2wGoi.jpg','/jhL4eTpccoZSVehhcR8DKLSBHZy.jpg','https://www.youtube.com/watch?v=5PSzFLV-EyQ',119,'M'),
(832711,'The Extraction',NULL,NULL,NULL,'en','As the sun sets, a shady operation begins within the city. However, not everything is as it seems, and this operation has a caffeinated twist...','2021-05-23',NULL,NULL,NULL,'/59yowcFowIgiZEOP9z4H5WrY4cd.jpg','/hRw7rF8UC61LDStHn7pMlwL0zBX.jpg',NULL,2,'NR'),
(835113,'Woman of the Hour','Anna Kendrick','Anna Kendrick, Daniel Zovatto, Tony Hale','tt7737800','en','An aspiring actress crosses paths with a prolific serial killer in 70s LA when theyre cast on an episode of "The Dating Game."','2024-10-18',6.6,91,74,'/nc9ZqrJFbcUdlMg9lxXXtJb24jU.jpg','/n6KXCV9jqUDDL5HCIoKHQ8kD9Fq.jpg','https://www.youtube.com/watch?v=ODUdpwddTQk',95,'MA 15+'),
(845781,'Red One','Jake Kasdan','Dwayne Johnson, Chris Evans, Lucy Liu','tt14948432','en','After Santa Claus (codename: Red One) is kidnapped, the North Poles Head of Security must team up with the worlds most infamous tracker in a globe-trotting, action-packed mission to save Christmas.','2024-11-07',6.3,30,34,'/cdqLnri3NEGcmfnqwk2TSIYtddg.jpg','/rOmUuQEZfPXglwFs5ELLLUDKodL.jpg','https://www.youtube.com/watch?v=7l3hfD74X-4',124,'PG'),
(931349,'Ash','Flying Lotus','Eiza González, Aaron Paul, Iko Uwais','tt17489650','en','A woman wakes up on a distant planet and finds the crew of her space station viciously killed. Her investigation into what happened sets in motion a terrifying chain of events.','2025-03-20',5.8,76,63,'/5Oz39iyRuztiA8XqCNVDBuy2Ut3.jpg','/sQa299yggIkxfwKJFgzYwDdsC9t.jpg','https://www.youtube.com/watch?v=uvp2EYCXYwU',95,'NR'),
(933260,'The Substance','Coralie Fargeat','Demi Moore, Margaret Qualley, Dennis Quaid','tt17526714','en','A fading celebrity decides to use a black market drug, a cell-replicating substance that temporarily creates a younger, better version of herself.','2024-06-16',7.3,89,78,'/evdF1vmLzuzH8EFblqAXBXWRGSi.jpg','/pRjCDn51n9otE0AzpGRYGVWP1LB.jpg','https://www.youtube.com/watch?v=lR5nlovVgvQ',141,NULL),
(942411,'Mrs.','Arati Kadav','Nishant Dahiya, Sanya Malhotra, Kanwaljeet Singh','tt27032419','hi','A newly wed finds herself in an overcooked and tasteless happily ever-after laced with patriarchal traditions.','2024-08-23',NULL,NULL,NULL,'/e2coys6g8PRqiP0sHEA2T6uLkEf.jpg','/rIg8wChXrWKY2HWUcZcfDXO46a9.jpg',NULL,111,NULL),
(950387,'A Minecraft Movie','Jared Hess','Jason Momoa, Jack Black, Sebastian Hansen','tt3566834','en','Four misfits find themselves struggling with ordinary problems when they are suddenly pulled through a mysterious portal into the Overworld: a bizarre, cubic wonderland that thrives on imagination. To get back home, theyll have to master this world while embarking on a magical quest with an unexpected, expert crafter, Steve.','2025-04-03',6,NULL,46,'/iPPTGh2OXuIv6d7cwuoPkw8govp.jpg','/2Nti3gYAX513wvhp8IiLL6ZDyOm.jpg','https://www.youtube.com/watch?v=8B1EtVPBSMw',101,'PG'),
(996821,'Youre Cordially Invited','Nicholas Stoller','Will Ferrell, Reese Witherspoon, Geraldine Viswanathan','tt21227864','en','When two weddings are accidentally booked on the same day at the same venue, each bridal party is challenged with preserving their familys special moment while making the most of the unanticipated tight quarters. In a hilarious battle of determination and grit, the father of the bride and sister of the other bride chaotically go head-to-head as they stop at nothing to uphold an unforgettable celebration for their loved ones.','2025-01-30',5.5,48,58,'/muXnwAdVdEEktto0NBNMyqK3uQH.jpg','/xaNBpBkONtupAVJqQBIW5EZa7xi.jpg','https://www.youtube.com/watch?v=FTEqcrgsmzg',109,NULL),
(1045938,'G20','Patricia Riggen','Viola Davis, Anthony Anderson, Ramón Rodríguez','tt23476986','en','After the G20 Summit is overtaken by terrorists, President Danielle Sutton must bring all her statecraft and military experience to defend her family and her fellow leaders.','2025-04-09',5.1,56,53,'/wv6oWAleCJZUk5htrGg413t3GCy.jpg','/k32XKMjmXMGeydykD32jfER3BVI.jpg','https://www.youtube.com/watch?v=ZL7R8qyQXrc',110,'NR'),
(1092899,'The Siege','Brad Watson','Daniel Stisen, Lauren Okadigbo, Yennis Cheung','tt16916320','en','International assassin Walker is compromised during a mission and sent to a reassignment center for a new identity. During his stay at the facility, a ruthless assault team storms the compound searching for someone their boss has lost. Walker begrudgingly falls in with skilled hitwoman Elda and her mysterious ward Juliet in order to survive the night.','2023-05-01',3.5,NULL,NULL,'/hVh4hMzkXNLnScudbid6hDvjMPk.jpg','/4eC0tsU9OxR3Adlo1yRJYUDraW9.jpg','https://www.youtube.com/watch?v=zt8Q9lqaAFE',97,'MA 15+'),
(1108828,'Girls Will Be Girls','Shuchi Talati','Preeti Panigrahi, Kani Kusruti, Kesav Binoy Kiron','tt18277182','en','In a strict boarding school nestled in the Himalayas, 16-year-old Mira discovers desire and romance. But her sexual, rebellious awakening is disrupted by her mother who never got to come of age herself.','2024-08-21',7.1,100,79,'/psklilaTgyczbHidamDlpFWodb0.jpg','/6YO8KUBFuH2fReUrAFmASoqQPjj.jpg','https://www.youtube.com/watch?v=cJqnhaBZtfs',119,'NR'),
(1148172,'Do Patti','Shashanka Chaturvedi','Kajol, Kriti Sanon, Shaheer Sheikh','tt28075881','hi','A puzzling investigation leads a no-nonsense cop down a dark path involving the vicious rivalry between twin sisters and the volatile man they both love.','2024-10-25',6.5,50,NULL,'/cqStHxRVUtFNaNnJtieHeXIackv.jpg','/g0VFxhLingCTYXL1z9nR8YD7WH4.jpg','https://www.youtube.com/watch?v=i4uHAM1BF6M',128,NULL),
(1184889,'Jigra','Vasan Bala','Alia Bhatt, Sikandar Kher, Vedang Raina','tt26733317','hi','When Ankur is wrongfully imprisoned and sentenced to death in a foreign country, his steely sister Satya is driven by a lethal resolve to break him free.','2024-10-10',6.1,69,NULL,'/mhnT27mgtiMNowOhAlMWSqBoSyb.jpg','/rxh0nZxZMZ7jogcCKcMpYZkoq1C.jpg','https://www.youtube.com/watch?v=JmEy8uid_Hk',155,'NR'),
(1195506,'Novocaine','Dan Berk, Robert Olsen','Jack Quaid, Amber Midthunder, Ray Nicholson','tt29603959','en','When the girl of his dreams is kidnapped, everyman Nate turns his inability to feel pain into an unexpected strength in his fight to get her back.','2025-04-03',6.6,81,58,'/xmMHGz9dVRaMY6rRAlEX4W0Wdhm.jpg','/sNx1A3822kEbqeUxvo5A08o4N7o.jpg','https://www.youtube.com/watch?v=99BLnkAlC1M',110,'MA 15+'),
(1197306,'A Working Man','David Ayer','Jason Statham, Jason Flemyng, Merab Ninidze','tt9150192','en','Levon Cade left behind a decorated military career in the black ops to live a simple life working construction. But when his bosss daughter, who is like family to him, is taken by human traffickers, his search to bring her home uncovers a world of corruption far greater than he ever could have imagined.','2025-03-27',5.8,51,52,'/xUkUZ8eOnrOnnJAfusZUqKYZiDu.jpg','/fTrQsdMS2MUw00RnzH0r3JWHhts.jpg','https://www.youtube.com/watch?v=mdfrG2cLK58',116,'MA 15+'),
(1233413,'Sinners','Ryan Coogler','Miles Caton, Saul Williams, Andrene Ward-Hammond','tt31193180','en','Trying to leave their troubled lives behind, twin brothers return to their hometown to start again, only to discover that an even greater evil is waiting to welcome them back.','2025-04-17',NULL,100,83,'/jYfMTSiFFK7ffbY2lay4zyvTkEk.jpg','/oUgVgGaNqV9Y0Zdyjc1kCpzIe4G.jpg','https://www.youtube.com/watch?v=O98jSd24lmA',138,'MA 15+'),
(1239511,'Lucky Baskhar','Venky Atluri','Dulquer Salmaan, Meenaakshi Chaudhary, Tinnu Anand','tt27540542','te','A cash-strapped bank cashier embarks on a risky investment scheme and soon gets drawn into the murky world of money laundering.','2024-10-30',8,NULL,NULL,'/a47JQFl9L7VDa79tEvnTOJe0rPa.jpg','/mjg6Z4IZOGvcLUgNCPuow22wTvm.jpg','https://www.youtube.com/watch?v=Kv5RKsqVe-Y',148,'NR'),
(1249213,'Drop','Christopher Landon','Meghann Fahy, Brandon Sklenar, Violett Beane','tt32149847','en','Violet, a widowed mother on her first date in years, arrives at an upscale restaurant where she is relieved that her date, Henry, is more charming and handsome than she expected. But their chemistry begins to curdle as Violet begins being irritated and then terrorized by a series of anonymous drops to her phone.','2025-04-17',6.2,84,65,'/dS2S5lpfgRIRQOb7LDCjNsQqKjp.jpg','/n4R5Ad6rwf87lmllFNuYR3io30V.jpg','https://www.youtube.com/watch?v=tZoNPCc-2Vw',95,'MA 15+'),
(1276073,'Bullet Train Explosion',NULL,NULL,'tt33452974','ja','When panic erupts on a Tokyo-bound bullet train that will explode if it slows below 100 kph, authorities race against time to save everyone on board.','2025-04-23',NULL,NULL,NULL,'/qkTKtOHK9JEEOHgPQZ0dFtzs5ML.jpg','/Zes06xI18u47pblwRGTtqRm0R8.jpg','https://www.youtube.com/watch?v=bYopWaT8Sr0',137,'NR'),
(1276121,'Black Cat, White Cat Its a Good Cat if it Catches the Mouse',NULL,NULL,NULL,'en','It explores the tension between age-old China and energy of the student demonstration in the spring of 1989.','1990-01-01',NULL,NULL,NULL,NULL,NULL,NULL,35,'NR'),
(1290954,'Rekhachithram','Jofin T. Chacko','Asif Ali, Anaswara Rajan, Manoj K. Jayan','tt32284154','ml','Having recently served a suspension for gambling online while on duty, Circle Inspector Vivek Gopinath rejoins the police force and is looking to reclaim his lost honour. Awaiting him is a 40-year-old, unresolved murder mystery with a faceless victim.','2025-01-09',8,NULL,NULL,'/ulIAyiSVQZL1Ov6K2Tjf6wPlzFi.jpg','/97U7d3GwOnDKAKVVbLEq65XyKP3.jpg',NULL,139,'NR'),
(1308913,'Diet of Sex',NULL,NULL,NULL,'es','Ágata suffers from a psychological disorder which prevents her from experiencing pleasure in all aspects of her life. Marc, through the use food, endeavours to help her overcome her problem.','2014-02-14',NULL,NULL,NULL,'/z5OvPdhvybMKWbsLtRQLH4nBsEk.jpg',NULL,NULL,72,'NR');


INSERT INTO `MOVIEPROVIDERS` VALUES
(9532,8),
(10625,8),
(21059,8),
(50546,8),
(86004,8),
(138122,8),
(250546,8),
(274870,8),
(276928,8),
(512195,8),
(634492,8),
(835113,8),
(1148172,8),
(1184889,8),
(1239511,8),
(1276073,8),
(238,9),
(86004,9),
(138122,9),
(274870,9),
(276928,9),
(845781,9),
(931349,9),
(996821,9),
(1045938,9),
(1092899,9),
(10625,337),
(60307,337),
(238,531),
(9532,1899);

INSERT INTO `MOVIEGENRES` VALUES
(324544,12),
(950387,12),
(324544,14),
(447273,14),
(634492,14),
(845781,14),
(950387,14),
(238,18),
(10625,18),
(45890,18),
(86004,18),
(138122,18),
(274870,18),
(276928,18),
(393852,18),
(590404,18),
(835113,18),
(942411,18),
(1045938,18),
(1108828,18),
(1148172,18),
(1184889,18),
(1239511,18),
(1276073,18),
(1308913,18),
(9532,27),
(250546,27),
(513147,27),
(931349,27),
(933260,27),
(1233413,27),
(324544,28),
(512195,28),
(634492,28),
(822119,28),
(832711,28),
(845781,28),
(1045938,28),
(1092899,28),
(1195506,28),
(1197306,28),
(1276073,28),
(10625,35),
(21059,35),
(50546,35),
(60307,35),
(138122,35),
(276928,35),
(512195,35),
(832711,35),
(845781,35),
(950387,35),
(996821,35),
(1195506,35),
(1308913,35),
(86004,53),
(822119,53),
(835113,53),
(931349,53),
(1092899,53),
(1148172,53),
(1184889,53),
(1195506,53),
(1197306,53),
(1233413,53),
(1239511,53),
(1249213,53),
(1276073,53),
(1290954,53),
(238,80),
(86004,80),
(512195,80),
(835113,80),
(1148172,80),
(1184889,80),
(1197306,80),
(1239511,80),
(1276073,80),
(1290954,80),
(274870,878),
(822119,878),
(931349,878),
(933260,878),
(1045938,9648),
(1148172,9648),
(1249213,9648),
(1290954,9648),
(50546,10749),
(138122,10749),
(274870,10749),
(276928,10749),
(1108828,10749),
(1308913,10749),
(60307,10751),
(447273,10751),
(950387,10751),
(45890,10770);

INSERT INTO `USERRATINGS` VALUES
(9,3,'i loved this movie 2x','2025-05-05'),
(10,5,'goated movie','2025-05-10'),
(11,2,'hated this marvel movie','2025-05-10'),
(12,2,'hated this marvel movie','2025-05-10'),
(13,2,'okay movie','2025-05-10'),
(14,2,'','2025-05-10'),
(15,5,'wonderful movie','2025-05-10'),
(16,3,NULL,'2025-05-17'),
(17,4,NULL,'2025-05-17'),
(18,2,NULL,'2025-05-17'),
(19,2,NULL,'2025-05-17'),
(20,3,NULL,'2025-05-17'),
(21,4,NULL,'2025-05-17'),
(22,2,NULL,'2025-05-17'),
(23,1,NULL,'2025-05-17'),
(24,1,NULL,'2025-05-17'),
(25,3,NULL,'2025-05-17'),
(26,1,NULL,'2025-05-28'),
(27,1,NULL,'2025-05-28'),
(28,5,NULL,'2025-05-28'),
(29,3,NULL,'2025-05-28'),
(30,3,NULL,'2025-05-28'),
(31,4,NULL,'2025-05-28'),
(32,5,NULL,'2025-05-28'),
(33,1,NULL,'2025-05-28'),
(34,4,NULL,'2025-05-28'),
(35,0,NULL,'2025-05-28'),
(36,0,NULL,'2025-05-28'),
(37,0,NULL,'2025-05-28'),
(38,0,NULL,'2025-05-28');

INSERT INTO `USERPREFERENCES` VALUES
(5,3,50546,9,'2025-05-05 05:15:02'),
(5,2,238,10,'2025-05-10 06:50:55'),
(5,1,676595,NULL,'2025-05-10 06:55:58'),
(5,5,822119,11,'2025-05-10 06:56:55'),
(2,5,822119,12,'2025-05-10 07:37:12'),
(2,5,832711,13,'2025-05-10 08:05:44'),
(2,3,238,NULL,'2025-05-10 08:23:02'),
(2,2,1290954,NULL,'2025-05-17 13:04:31'),
(2,2,996821,17,'2025-05-17 13:07:03'),
(2,2,1108828,18,'2025-05-17 13:08:26'),
(2,2,86004,19,'2025-05-17 13:10:16'),
(2,2,942411,20,'2025-05-17 13:11:32'),
(2,2,274870,21,'2025-05-17 13:21:33'),
(2,2,835113,22,'2025-05-17 13:22:33'),
(2,2,634492,23,'2025-05-17 13:23:54'),
(2,2,845781,24,'2025-05-17 13:24:32'),
(2,2,1239511,25,'2025-05-17 15:30:56'),
(2,2,45890,NULL,'2025-05-28 06:51:07'),
(2,2,9532,28,'2025-05-28 06:58:41'),
(2,2,10625,29,'2025-05-28 06:59:57'),
(2,3,250546,30,'2025-05-28 07:03:20'),
(2,3,276928,31,'2025-05-28 07:04:47'),
(2,5,1184889,32,'2025-05-28 07:07:15'),
(2,4,138122,33,'2025-05-28 07:09:05'),
(2,4,513147,34,'2025-05-28 07:24:49'),
(2,4,60307,NULL,'2025-05-28 07:26:18'),
(2,4,1148172,35,'2025-05-28 07:27:01'),
(2,4,590404,36,'2025-05-28 07:28:08'),
(2,4,1249213,37,'2025-05-28 07:28:47'),
(2,4,447273,38,'2025-05-28 07:29:15');
