-- USE cinematch;
DELETE FROM USERS;

INSERT INTO `USERS` VALUES
(1,'liri','$2b$10$vaWe0oxb1bwhgVRK/oNrsuKmZgCuBXzb76I86Dg2MMdYjIWRiPayC','liri','das',NULL,'user',NULL,'2025-04-24'),
(2,'joe','$2b$10$7xXplZAn8Pjx0j2mZShsq.zI6EyMPGASlD155G8S7bkn8WD6swBg.','joe','byjo','2025-05-10 07:37:00','user',NULL,'2025-04-24'),
(3,'hiten','$2b$10$2dXbB7oxHfH3U/8qgS3kFO2fQOuWJtq3pALB8X2Z8CBLU1lMgyr4O','hiten','gupta',NULL,'user',NULL,'2025-04-24'),
(4,'josheen','$2b$10$dhlcs0pHzf7ioqqhJZ.dkeQJ1hc5TXiBYHwHbca9uqGanQMk9h87i','josheen','kour',NULL,'user',NULL,'2025-04-24'),
(5,'test2','$2b$10$z4nylN4a1.FI5o5TjdCTIusLFI3Q1WYsv0JbZBi9sXLSorgEt85RC','josheen','kour','2025-05-10 06:40:52','user',NULL,'2025-04-26');

INSERT INTO `MOVIES` VALUES (238,'The Godfather','Francis Ford Coppola','Marlon Brando, Al Pacino, James Caan','tt0068646','en','Spanning the years 1945 to 1955, a chronicle of the fictional Italian-American Corleone crime family. When organized crime family patriarch, Vito Corleone barely survives an attempt on his life, his youngest son, Michael steps in to take care of the would-be killers, launching a campaign of bloody revenge.','1972-11-02',9.2,97,100,'/3bhkrj58Vtu7enYsRolD1fZdja1.jpg','/tmU7GeKVybMWFButWEGl2M4GeiP.jpg','https://www.youtube.com/watch?v=Ew9ngL1GZvs',175,'MA 15+'),(50546,'Just Go with It','Dennis Dugan','Adam Sandler, Jennifer Aniston, Brooklyn Decker','tt1564367','en','While romancing Palmer, a much younger schoolteacher, plastic surgeon Danny Maccabee enlists his loyal assistant Katherine to pretend to be his soon to be ex-wife, in order to cover up a careless lie. When more lies backfire, Katherine\'s kids become involved, and everyone heads off for a weekend in Hawaii that will change all their lives.','2011-03-31',6.4,19,33,'/ez1EDULOCUUCySHOZU6tz97qbtM.jpg','/aitUECW88Rve2mprcvwVchToE8A.jpg','https://www.youtube.com/watch?v=fpj7i2CPt8M',117,'M'),(324544,'In the Lost Lands','Paul W.S. Anderson','Milla Jovovich, Dave Bautista, Arly Jover','tt4419684','en','A queen sends the powerful and feared sorceress Gray Alys to the ghostly wilderness of the Lost Lands in search of a magical power, where she and her guide, the drifter Boyce, must outwit and outfight both man and demon.','2025-02-27',5.4,24,41,'/dDlfjR7gllmr8HTeN6rfrYhTdwX.jpg','/op3qmNhvwEvyT7UFyPbIfQmKriB.jpg','https://www.youtube.com/watch?v=CMyrp5Vk3mU',102,'M'),(512195,'Red Notice','Rawson Marshall Thurber','Dwayne Johnson, Ryan Reynolds, Gal Gadot','tt7991608','en','An Interpol-issued Red Notice is a global alert to hunt and capture the world\'s most wanted. But when a daring heist brings together the FBI\'s top profiler and two rival criminals, there\'s no telling what will happen.','2021-11-04',6.3,37,37,'/lAXONuqg41NwUMuzMiFvicDET9Y.jpg','/dK12GIdhGP6NPGFssK2Fh265jyr.jpg','https://www.youtube.com/watch?v=Pj0wz7zu3Ms',118,'M'),(676595,'The Platform','Robin Walters','Peter Feeney','tt0317990','en','At a windy, abandoned province station a man is waiting for a train. But something seems to be wrong; wasn\'t that a naked person running by? The man begins to examine the area; the tension rises up to the point, where another passenger arrives on the platform.','2001-01-01',6.8,NULL,NULL,'/8gUU0Zq414RNZrvNW842UhTDwtC.jpg',NULL,NULL,4,'NR'),(822119,'Captain America: Brave New World','Julius Onah','Anthony Mackie, Harrison Ford, Danny Ramirez','tt14513804','en','After meeting with newly elected U.S. President Thaddeus Ross, Sam finds himself in the middle of an international incident. He must discover the reason behind a nefarious global plot before the true mastermind has the entire world seeing red.','2025-02-13',5.8,48,42,'/pzIddUEMWhWzfvLI3TwxUG2wGoi.jpg','/jhL4eTpccoZSVehhcR8DKLSBHZy.jpg','https://www.youtube.com/watch?v=5PSzFLV-EyQ',119,'M'),(832711,'The Extraction',NULL,NULL,NULL,'en','As the sun sets, a shady operation begins within the city. However, not everything is as it seems, and this operation has a caffeinated twist...','2021-05-23',NULL,NULL,NULL,'/59yowcFowIgiZEOP9z4H5WrY4cd.jpg','/hRw7rF8UC61LDStHn7pMlwL0zBX.jpg',NULL,2,'NR'),(931349,'Ash','Flying Lotus','Eiza González, Aaron Paul, Iko Uwais','tt17489650','en','A woman wakes up on a distant planet and finds the crew of her space station viciously killed. Her investigation into what happened sets in motion a terrifying chain of events.','2025-03-20',5.8,76,63,'/5Oz39iyRuztiA8XqCNVDBuy2Ut3.jpg','/sQa299yggIkxfwKJFgzYwDdsC9t.jpg','https://www.youtube.com/watch?v=uvp2EYCXYwU',95,'NR'),(933260,'The Substance','Coralie Fargeat','Demi Moore, Margaret Qualley, Dennis Quaid','tt17526714','en','A fading celebrity decides to use a black market drug, a cell-replicating substance that temporarily creates a younger, better version of herself.','2024-06-16',7.3,89,78,'/evdF1vmLzuzH8EFblqAXBXWRGSi.jpg','/pRjCDn51n9otE0AzpGRYGVWP1LB.jpg','https://www.youtube.com/watch?v=lR5nlovVgvQ',141,NULL),(950387,'A Minecraft Movie','Jared Hess','Jason Momoa, Jack Black, Sebastian Hansen','tt3566834','en','Four misfits find themselves struggling with ordinary problems when they are suddenly pulled through a mysterious portal into the Overworld: a bizarre, cubic wonderland that thrives on imagination. To get back home, they\'ll have to master this world while embarking on a magical quest with an unexpected, expert crafter, Steve.','2025-04-03',6,NULL,46,'/iPPTGh2OXuIv6d7cwuoPkw8govp.jpg','/2Nti3gYAX513wvhp8IiLL6ZDyOm.jpg','https://www.youtube.com/watch?v=8B1EtVPBSMw',101,'PG'),(1045938,'G20','Patricia Riggen','Viola Davis, Anthony Anderson, Ramón Rodríguez','tt23476986','en','After the G20 Summit is overtaken by terrorists, President Danielle Sutton must bring all her statecraft and military experience to defend her family and her fellow leaders.','2025-04-09',5.1,56,53,'/wv6oWAleCJZUk5htrGg413t3GCy.jpg','/k32XKMjmXMGeydykD32jfER3BVI.jpg','https://www.youtube.com/watch?v=ZL7R8qyQXrc',110,'NR'),(1092899,'The Siege','Brad Watson','Daniel Stisen, Lauren Okadigbo, Yennis Cheung','tt16916320','en','International assassin Walker is compromised during a mission and sent to a reassignment center for a new identity. During his stay at the facility, a ruthless assault team storms the compound searching for someone their boss has lost. Walker begrudgingly falls in with skilled hitwoman Elda and her mysterious ward Juliet in order to survive the night.','2023-05-01',3.5,NULL,NULL,'/hVh4hMzkXNLnScudbid6hDvjMPk.jpg','/4eC0tsU9OxR3Adlo1yRJYUDraW9.jpg','https://www.youtube.com/watch?v=zt8Q9lqaAFE',97,'MA 15+'),(1195506,'Novocaine','Dan Berk, Robert Olsen','Jack Quaid, Amber Midthunder, Ray Nicholson','tt29603959','en','When the girl of his dreams is kidnapped, everyman Nate turns his inability to feel pain into an unexpected strength in his fight to get her back.','2025-04-03',6.6,81,58,'/xmMHGz9dVRaMY6rRAlEX4W0Wdhm.jpg','/sNx1A3822kEbqeUxvo5A08o4N7o.jpg','https://www.youtube.com/watch?v=99BLnkAlC1M',110,'MA 15+'),(1197306,'A Working Man','David Ayer','Jason Statham, Jason Flemyng, Merab Ninidze','tt9150192','en','Levon Cade left behind a decorated military career in the black ops to live a simple life working construction. But when his boss\'s daughter, who is like family to him, is taken by human traffickers, his search to bring her home uncovers a world of corruption far greater than he ever could have imagined.','2025-03-27',5.8,51,52,'/xUkUZ8eOnrOnnJAfusZUqKYZiDu.jpg','/fTrQsdMS2MUw00RnzH0r3JWHhts.jpg','https://www.youtube.com/watch?v=mdfrG2cLK58',116,'MA 15+'),(1233413,'Sinners','Ryan Coogler','Miles Caton, Saul Williams, Andrene Ward-Hammond','tt31193180','en','Trying to leave their troubled lives behind, twin brothers return to their hometown to start again, only to discover that an even greater evil is waiting to welcome them back.','2025-04-17',NULL,100,83,'/jYfMTSiFFK7ffbY2lay4zyvTkEk.jpg','/oUgVgGaNqV9Y0Zdyjc1kCpzIe4G.jpg','https://www.youtube.com/watch?v=O98jSd24lmA',138,'MA 15+'),(1276073,'Bullet Train Explosion',NULL,NULL,'tt33452974','ja','When panic erupts on a Tokyo-bound bullet train that will explode if it slows below 100 kph, authorities race against time to save everyone on board.','2025-04-23',NULL,NULL,NULL,'/qkTKtOHK9JEEOHgPQZ0dFtzs5ML.jpg','/Zes06xI18u47pblwRGTtqRm0R8.jpg','https://www.youtube.com/watch?v=bYopWaT8Sr0',137,'NR'),(1276121,'Black Cat, White Cat It\'s a Good Cat if it Catches the Mouse',NULL,NULL,NULL,'en','It explores the tension between age-old China and energy of the student demonstration in the spring of 1989.','1990-01-01',NULL,NULL,NULL,NULL,NULL,NULL,35,'NR'),(1308913,'Diet of Sex',NULL,NULL,NULL,'es','Ágata suffers from a psychological disorder which prevents her from experiencing pleasure in all aspects of her life. Marc, through the use food, endeavours to help her overcome her problem.','2014-02-14',NULL,NULL,NULL,'/z5OvPdhvybMKWbsLtRQLH4nBsEk.jpg',NULL,NULL,72,'NR');
INSERT INTO `MOVIEPROVIDERS` VALUES (50546,8),(512195,8),(1276073,8),(238,9),(931349,9),(1045938,9),(1092899,9),(238,531);
INSERT INTO `MOVIEGENRES` VALUES (324544,12),(950387,12),(324544,14),(950387,14),(238,18),(1045938,18),(1276073,18),(1308913,18),(931349,27),(933260,27),(1233413,27),(324544,28),(512195,28),(822119,28),(832711,28),(1045938,28),(1092899,28),(1195506,28),(1197306,28),(1276073,28),(50546,35),(512195,35),(832711,35),(950387,35),(1195506,35),(1308913,35),(822119,53),(931349,53),(1092899,53),(1195506,53),(1197306,53),(1233413,53),(1276073,53),(238,80),(512195,80),(1197306,80),(1276073,80),(822119,878),(931349,878),(933260,878),(1045938,9648),(50546,10749),(1308913,10749),(950387,10751);


INSERT INTO `USERRATINGS` VALUES
(9,3,'i loved this movie 2x','2025-05-05'),
(10,5,'goated movie','2025-05-10'),
(11,2,'hated this marvel movie','2025-05-10'),
(12,2,'hated this marvel movie','2025-05-10'),
(13,2,'okay movie','2025-05-10'),(14,2,'','2025-05-10'),
(15,5,'wonderful movie','2025-05-10');

INSERT INTO `USERPREFERENCES` VALUES
(5,3,50546,9,'2025-05-05 05:15:02'),
(5,2,238,10,'2025-05-10 06:50:55'),
(5,1,676595,NULL,'2025-05-10 06:55:58'),
(5,5,822119,11,'2025-05-10 06:56:55'),
(2,5,822119,12,'2025-05-10 07:37:12'),
(2,5,832711,13,'2025-05-10 08:05:44'),
(2,2,238,NULL,'2025-05-10 08:23:02');

